City_ID,City,Country,Date,Lat,Lng,Max Temp,Humidity,Cloudiness,Wind Speed
0,Inhambane,MZ,2021-08-04 14:37:59,-23.865,35.3833,75.18,50,20,9.04
1,Roebourne,AU,2021-08-04 14:39:33,-20.7833,117.1333,73.83,29,57,12.55
2,Port Alfred,ZA,2021-08-04 14:39:33,-33.5906,26.891,64.87,83,21,16.15
3,Ribeira Grande,PT,2021-08-04 14:39:34,38.5167,-28.7,79.2,73,20,10.36
4,Brae,GB,2021-08-04 14:39:34,60.3964,-1.353,60.71,75,100,8.34
5,Abu Zabad,SD,2021-08-04 14:39:34,12.35,29.25,85.39,55,91,11.48
6,Sept-Iles,CA,2021-08-04 14:36:28,50.2001,-66.3821,63.12,69,20,5.99
7,Bethel,US,2021-08-04 14:39:35,41.3712,-73.414,72.48,80,1,3.44
8,Provideniya,RU,2021-08-04 14:39:35,64.3833,-173.3,50.2,89,100,20.42
9,San Patricio,US,2021-08-04 14:39:35,28.017,-97.5169,84.29,64,82,2.98
10,Emerald,AU,2021-08-04 14:39:36,-23.5333,148.1667,51.94,40,2,8.05
11,Jamestown,US,2021-08-04 14:38:09,42.097,-79.2353,73.51,72,1,5.75
12,Lubben,DE,2021-08-04 14:39:36,51.95,13.9,73.85,60,34,4.45
13,Punta Arenas,CL,2021-08-04 14:39:36,-53.15,-70.9167,48.31,61,0,19.57
14,Opuwo,NA,2021-08-04 14:39:37,-18.0607,13.84,80.71,15,0,7.85
15,Rikitea,PF,2021-08-04 14:39:37,-23.1203,-134.9692,71.42,67,20,14.12
16,Moron,AR,2021-08-04 14:39:37,-34.6534,-58.6198,62.02,79,39,1.99
17,Sao Joao Da Barra,BR,2021-08-04 14:39:38,-21.6403,-41.0511,73.49,60,32,14.23
18,Yellowknife,CA,2021-08-04 14:38:41,62.456,-114.3525,50.56,71,90,3.44
19,Dosso,NE,2021-08-04 14:39:38,13.049,3.1937,95.18,39,19,7.45
20,Khatanga,RU,2021-08-04 14:39:38,71.9667,102.5,68.94,43,99,15.26
21,Ushuaia,AR,2021-08-04 14:39:39,-54.8,-68.3,51.46,50,75,19.57
22,Hilo,US,2021-08-04 14:34:47,19.7297,-155.09,69.8,94,90,3.44
23,Vaini,TO,2021-08-04 14:39:39,-21.2,-175.2,64.56,82,20,5.75
24,Kyabe,TD,2021-08-04 14:39:39,9.4515,18.9449,84.96,66,61,2.98
25,Rodeo,US,2021-08-04 14:39:39,38.033,-122.2669,62.28,86,1,11.99
26,Chokurdakh,RU,2021-08-04 14:39:40,70.6333,147.9167,36.19,86,85,10.47
27,Bambous Virieux,MU,2021-08-04 14:39:40,-20.3428,57.7575,70.05,73,75,17.27
28,Hermanus,ZA,2021-08-04 14:39:40,-34.4187,19.2345,66.9,83,31,9.8
29,Albany,US,2021-08-04 14:35:32,42.6001,-73.9662,72.27,73,100,2.62
30,Payakumbuh,ID,2021-08-04 14:39:41,-0.2202,100.6308,69.64,99,95,3.69
31,Tuktoyaktuk,CA,2021-08-04 14:39:41,69.4541,-133.0374,46.4,87,75,12.66
32,Port Elizabeth,ZA,2021-08-04 14:39:42,-33.918,25.5701,63.1,82,0,10.36
33,Tasiilaq,GL,2021-08-04 14:39:42,65.6145,-37.6368,48.36,75,95,1.34
34,Marawi,PH,2021-08-04 14:39:42,7.9986,124.2928,69.58,90,97,5.61
35,Luau,AO,2021-08-04 14:39:42,-10.7073,22.2247,87.17,13,0,1.28
36,Sorland,NO,2021-08-04 14:39:43,67.667,12.6934,53.67,87,75,18.41
37,Faanui,PF,2021-08-04 14:39:43,-16.4833,-151.75,78.93,75,55,11.48
38,Namatanai,PG,2021-08-04 14:39:43,-3.6667,152.4333,79.16,82,24,4.38
39,Kirovskiy,RU,2021-08-04 14:39:44,45.0917,133.5136,73.54,71,93,4.07
40,Ponta Do Sol,PT,2021-08-04 14:39:44,32.6667,-17.1,82.71,68,14,2.75
41,Kaitangata,NZ,2021-08-04 14:39:44,-46.2817,169.8464,45.93,70,100,8.68
42,Muros,ES,2021-08-04 14:39:45,42.7762,-9.0603,78.98,77,49,7.96
43,Sinnamary,GF,2021-08-04 14:39:45,5.3833,-52.95,84.04,67,7,1.9
44,Puerto Ayora,EC,2021-08-04 14:39:45,-0.7393,-90.3518,71.56,77,28,11.81
45,Micheweni,TZ,2021-08-04 14:39:46,-4.9667,39.8333,76.51,75,3,12.44
46,Caxito,AO,2021-08-04 14:39:46,-8.5785,13.6643,79.45,45,14,11.7
47,Taloda,IN,2021-08-04 14:39:46,21.5667,74.2167,78.87,89,100,15.1
48,Havelock,US,2021-08-04 14:37:22,34.8791,-76.9013,75.15,86,90,3.0
49,Pontianak,ID,2021-08-04 14:39:47,-0.0333,109.3333,78.78,89,75,0.0
50,Atuona,PF,2021-08-04 14:39:47,-9.8,-139.0333,77.86,67,100,14.18
51,Kapaa,US,2021-08-04 14:39:47,22.0752,-159.319,79.12,78,40,4.0
52,Bluff,NZ,2021-08-04 14:39:48,-46.6,168.3333,35.8,79,100,5.99
53,Fort Nelson,CA,2021-08-04 14:39:48,58.8053,-122.7002,56.79,94,90,6.91
54,Hobart,AU,2021-08-04 14:39:48,-42.8794,147.3294,48.25,69,75,3.0
55,Svetlogorsk,BY,2021-08-04 14:39:48,52.6333,29.7333,76.05,37,97,2.24
56,Te Anau,NZ,2021-08-04 14:39:49,-45.4167,167.7167,37.27,91,100,1.97
57,Yertsevo,RU,2021-08-04 14:39:49,60.7966,40.086,66.61,40,10,7.45
58,Severo-Kurilsk,RU,2021-08-04 14:39:49,50.6789,156.125,51.06,77,100,13.76
59,Cape Town,ZA,2021-08-04 14:35:35,-33.9258,18.4232,67.12,77,20,4.0
60,Port Lincoln,AU,2021-08-04 14:39:50,-34.7333,135.8667,55.22,74,99,9.89
61,High Level,CA,2021-08-04 14:39:50,58.5169,-117.136,57.31,82,90,5.75
62,Lompoc,US,2021-08-04 14:39:51,34.6391,-120.4579,62.28,97,90,5.75
63,Kodinsk,RU,2021-08-04 14:39:51,58.6881,99.1844,64.4,72,99,1.92
64,Busselton,AU,2021-08-04 14:39:51,-33.65,115.3333,48.04,89,1,6.85
65,Mataura,NZ,2021-08-04 14:39:51,-46.1927,168.8643,35.47,90,100,2.48
66,Maniitsoq,GL,2021-08-04 14:39:52,65.4167,-52.9,44.2,92,81,2.15
67,Turinskaya Sloboda,RU,2021-08-04 14:39:52,57.6232,64.3858,71.76,71,63,6.69
68,Paamiut,GL,2021-08-04 14:39:52,61.994,-49.6678,43.93,95,100,8.75
69,Paita,PE,2021-08-04 14:39:53,-5.0892,-81.1144,68.56,74,1,9.75
70,Gaildorf,DE,2021-08-04 14:39:53,49.0003,9.7695,70.72,63,20,3.44
71,Kodiak,US,2021-08-04 14:39:54,57.79,-152.4072,49.51,87,90,4.61
72,Ribeira Brava,PT,2021-08-04 14:39:54,32.65,-17.0667,82.71,69,15,2.64
73,Atambua,ID,2021-08-04 14:39:54,-9.1061,124.8925,70.65,87,44,5.35
74,Nikolskoye,RU,2021-08-04 14:39:54,59.7035,30.7861,66.78,49,95,5.23
75,Kokopo,PG,2021-08-04 14:39:55,-4.352,152.2633,76.69,88,13,6.55
76,Dikson,RU,2021-08-04 14:39:55,73.5069,80.5464,47.53,86,46,3.85
77,Xining,CN,2021-08-04 14:39:55,36.6167,101.7667,59.49,66,81,6.08
78,Srednekolymsk,RU,2021-08-04 14:39:56,67.45,153.6833,37.44,94,100,8.72
79,Bredasdorp,ZA,2021-08-04 14:39:56,-34.5322,20.0403,62.28,72,57,5.75
80,Molo,KE,2021-08-04 14:39:56,-0.2479,35.7374,59.29,76,11,6.26
81,Eureka,US,2021-08-04 14:39:57,40.8021,-124.1637,52.93,99,51,1.23
82,Port Hardy,CA,2021-08-04 14:39:57,50.6996,-127.4199,60.98,94,75,0.0
83,Orlik,RU,2021-08-04 14:39:57,52.5178,99.825,56.75,68,76,2.13
84,Gemlik,TR,2021-08-04 14:39:58,40.4309,29.1597,97.65,32,0,12.5
85,Innisfail,AU,2021-08-04 14:39:58,-17.5333,146.0333,63.64,67,79,6.22
86,Alice Springs,AU,2021-08-04 14:37:15,-23.7,133.8833,42.35,52,0,5.75
87,Daye,CN,2021-08-04 14:39:58,30.0833,114.95,82.13,84,7,3.42
88,Souillac,MU,2021-08-04 14:39:59,-20.5167,57.5167,70.18,73,75,17.27
89,Careiro Da Varzea,BR,2021-08-04 14:39:59,-3.2003,-59.8119,86.63,56,73,2.08
90,Baruun-Urt,MN,2021-08-04 14:39:59,46.6806,113.2792,56.21,88,100,7.18
91,Copalillo,MX,2021-08-04 14:40:00,18.0333,-99.1167,72.91,92,100,1.68
92,Saint-Louis,SN,2021-08-04 14:40:00,16.3333,-15.0,94.14,44,100,7.83
93,Gigmoto,PH,2021-08-04 14:40:00,13.7796,124.39,82.49,81,100,8.14
94,Khani,GE,2021-08-04 14:40:01,41.9563,42.9566,78.37,71,0,5.95
95,Digri,PK,2021-08-04 14:40:01,25.1558,69.1113,89.02,55,100,19.64
96,Codrington,AU,2021-08-04 14:40:01,-38.2667,141.9667,49.87,90,23,12.19
97,Manyana,BW,2021-08-04 14:40:02,-23.4,21.7167,76.44,16,0,4.9
98,Zhezkazgan,KZ,2021-08-04 14:40:02,47.8043,67.7144,86.76,27,49,7.0
99,La Asuncion,VE,2021-08-04 14:40:03,11.0333,-63.8628,91.13,58,2,3.44
100,Castro,BR,2021-08-04 14:40:04,-24.7911,-50.0119,57.7,57,2,8.68
101,Pierre,US,2021-08-04 14:40:04,44.3683,-100.351,72.05,69,1,3.0
102,Basco,PH,2021-08-04 14:40:05,20.4487,121.9702,84.45,82,100,31.41
103,Irbil,IQ,2021-08-04 14:40:05,36.1926,44.0106,109.22,11,40,11.5
104,Torbay,CA,2021-08-04 14:40:05,47.6666,-52.7314,74.28,66,40,24.16
105,Sitka,US,2021-08-04 14:40:06,57.0531,-135.33,60.69,88,90,4.61
106,Jiujiang,CN,2021-08-04 14:40:06,29.7333,115.9833,80.67,92,49,11.07
107,Saldanha,ZA,2021-08-04 14:35:30,-33.0117,17.9442,62.65,87,4,13.8
108,Narsaq,GL,2021-08-04 14:40:07,60.9167,-46.05,50.22,95,100,1.59
109,Ibia,BR,2021-08-04 14:40:07,-19.4783,-46.5389,72.91,42,100,8.39
110,Bengkulu,ID,2021-08-04 14:40:07,-3.8004,102.2655,76.68,90,92,6.15
111,Pitkyaranta,RU,2021-08-04 14:40:07,61.5734,31.4792,62.22,59,86,7.4
112,Ibra,OM,2021-08-04 14:40:08,22.6906,58.5334,101.39,21,55,8.34
113,Nossa Senhora Da Gloria,BR,2021-08-04 14:40:08,-10.2183,-37.4203,81.93,44,82,13.06
114,Norman Wells,CA,2021-08-04 14:40:09,65.282,-126.8329,50.04,66,75,4.61
115,Upernavik,GL,2021-08-04 14:40:09,72.7868,-56.1549,44.74,80,25,6.78
116,Ilulissat,GL,2021-08-04 14:40:09,69.2167,-51.1,50.02,66,1,4.61
117,Coahuayana,MX,2021-08-04 14:40:09,18.7333,-103.6833,80.08,70,85,1.01
118,Atar,MR,2021-08-04 14:40:10,20.5169,-13.0499,102.94,21,1,6.2
119,Iquique,CL,2021-08-04 14:35:35,-20.2208,-70.1431,59.04,59,0,5.79
120,Thompson,CA,2021-08-04 14:38:49,55.7435,-97.8558,59.16,82,90,11.5
121,Astana,KZ,2021-08-04 14:40:11,51.1801,71.446,78.75,36,0,15.66
122,Parana,AR,2021-08-04 14:40:11,-31.732,-60.5238,65.3,53,1,7.25
123,Constitucion,CL,2021-08-04 14:40:11,-35.3333,-72.4167,56.62,80,8,9.69
124,Buala,SB,2021-08-04 14:40:12,-8.145,159.5921,78.67,84,52,5.59
125,Airai,TL,2021-08-04 14:40:12,-8.9266,125.4092,56.59,89,66,3.69
126,Longyearbyen,SJ,2021-08-04 14:40:12,78.2186,15.6401,48.04,66,75,12.66
127,Aschaffenburg,DE,2021-08-04 14:40:12,49.9739,9.1492,73.78,59,100,4.05
128,College,US,2021-08-04 14:40:13,64.8569,-147.8028,61.59,68,40,11.5
129,Santa Cruz De La Palma,ES,2021-08-04 14:40:13,28.6835,-17.7642,78.94,57,20,14.97
130,Luwingu,ZM,2021-08-04 14:40:13,-10.2621,29.9271,79.02,23,17,4.94
131,Labuhan,ID,2021-08-04 14:40:14,-6.8844,112.2051,79.29,80,6,8.79
132,Katsuura,JP,2021-08-04 14:40:14,35.1333,140.3,80.71,86,11,2.13
133,Conceicao Do Araguaia,BR,2021-08-04 14:40:14,-8.2578,-49.2647,91.53,31,0,5.75
134,Svetlaya,RU,2021-08-04 14:40:15,46.5389,138.3297,66.34,96,45,2.48
135,Homer,US,2021-08-04 14:40:15,59.6425,-151.5483,58.05,88,1,3.44
136,Cidreira,BR,2021-08-04 14:40:15,-30.1811,-50.2056,62.01,82,99,4.94
137,Kaniama,CD,2021-08-04 14:40:16,-7.5667,24.1833,90.86,15,1,1.12
138,Tandil,AR,2021-08-04 14:40:16,-37.3217,-59.1332,60.31,50,0,7.0
139,Nanortalik,GL,2021-08-04 14:40:16,60.1432,-45.2371,45.75,94,100,6.46
140,East London,ZA,2021-08-04 14:36:21,-33.0153,27.9116,67.14,77,0,12.66
141,Alofi,NU,2021-08-04 14:40:17,-19.0595,-169.9187,62.49,100,31,1.14
142,New Norfolk,AU,2021-08-04 14:40:17,-42.7826,147.0587,47.91,67,100,1.99
143,Georgetown,MY,2021-08-04 14:40:17,5.4112,100.3354,84.88,85,20,3.0
144,Arraial Do Cabo,BR,2021-08-04 14:40:18,-22.9661,-42.0278,71.56,68,20,13.8
145,Barrow,US,2021-08-04 14:40:18,71.2906,-156.7887,42.82,74,90,9.22
146,Sarangani,PH,2021-08-04 14:40:18,5.4033,125.4636,83.95,75,69,6.53
147,Nhulunbuy,AU,2021-08-04 14:40:19,-12.2333,136.7667,74.01,68,40,10.36
148,Pevek,RU,2021-08-04 14:40:19,69.7008,170.3133,38.28,94,100,4.27
149,Walvis Bay,NA,2021-08-04 14:36:03,-22.9575,14.5053,68.95,60,23,10.36
150,Hailar,CN,2021-08-04 14:40:19,49.2,119.7,58.39,95,100,4.72
151,Linguere,SN,2021-08-04 14:40:20,15.3953,-15.1193,93.15,48,99,8.63
152,Jevnaker,NO,2021-08-04 14:37:28,60.2414,10.385,68.18,57,81,6.58
153,Haines Junction,CA,2021-08-04 14:40:20,60.7522,-137.5108,42.75,100,63,1.14
154,Quelimane,MZ,2021-08-04 14:40:20,-17.8786,36.8883,75.15,64,40,10.36
155,Coihaique,CL,2021-08-04 14:40:21,-45.5752,-72.0662,34.41,93,0,3.44
156,Butaritari,KI,2021-08-04 14:40:21,3.0707,172.7902,82.58,66,95,11.97
157,Dakar,SN,2021-08-04 14:40:21,14.6937,-17.4441,84.33,79,40,6.91
158,San Vicente,AR,2021-08-04 14:40:22,-26.6167,-54.1333,70.59,29,0,3.0
159,Healdsburg,US,2021-08-04 14:40:22,38.6105,-122.8692,71.1,82,90,4.61
160,Congleton,GB,2021-08-04 14:38:25,53.1631,-2.2125,74.28,58,10,4.0
161,Diveyevo,RU,2021-08-04 14:40:22,55.0433,43.2418,70.86,50,82,7.29
162,Kendal,GB,2021-08-04 14:40:23,54.3268,-2.7476,69.73,71,3,8.57
163,Djambala,CG,2021-08-04 14:40:23,-2.5447,14.7533,93.27,19,75,6.58
164,Aktau,KZ,2021-08-04 14:40:23,43.65,51.2,86.58,42,1,11.68
165,La Ronge,CA,2021-08-04 14:40:24,55.1001,-105.2842,64.65,88,90,4.61
166,Mar Del Plata,AR,2021-08-04 14:40:24,-38.0023,-57.5575,57.22,62,0,1.01
167,Saskylakh,RU,2021-08-04 14:40:24,71.9167,114.0833,55.06,55,90,8.61
168,Korla,CN,2021-08-04 14:40:24,41.7597,86.1469,88.99,17,100,6.2
169,Sarangarh,IN,2021-08-04 14:40:25,21.6,83.0833,83.61,69,100,8.57
170,Richards Bay,ZA,2021-08-04 14:40:25,-28.783,32.0377,70.2,68,0,12.71
171,Quepos,CR,2021-08-04 14:40:25,9.4236,-84.1652,90.54,73,69,2.62
172,Changji,CN,2021-08-04 14:40:26,44.0167,87.3167,88.59,23,0,4.47
173,Saint-Pierre,RE,2021-08-04 14:40:26,-21.3393,55.4781,69.48,73,90,18.41
174,Aripuana,BR,2021-08-04 14:40:26,-9.1667,-60.6333,91.9,24,8,6.13
175,Castro Verde,PT,2021-08-04 14:40:27,37.6983,-8.0858,85.42,30,97,15.64
176,Nantucket,US,2021-08-04 14:35:53,41.2835,-70.0995,73.02,83,75,5.75
177,Cherepovets,RU,2021-08-04 14:37:47,59.1333,37.9,67.82,40,40,6.71
178,Berlevag,NO,2021-08-04 14:40:27,70.8578,29.0864,46.35,93,90,32.21
179,Xichang,CN,2021-08-04 14:40:27,27.8964,102.2634,69.93,71,25,2.33
180,Qaanaaq,GL,2021-08-04 14:40:28,77.484,-69.3632,43.92,76,89,4.59
181,Portland,US,2021-08-04 14:40:21,45.5234,-122.6762,66.4,85,75,1.01
182,Lebu,CL,2021-08-04 14:40:29,-37.6167,-73.65,58.53,65,57,8.7
183,Avera,US,2021-08-04 14:40:29,33.194,-82.5271,77.94,62,24,7.23
184,Samarai,PG,2021-08-04 14:40:29,-10.6167,150.6667,77.77,84,53,12.68
185,Xacmaz,AZ,2021-08-04 14:40:29,41.4635,48.806,88.3,33,7,4.54
186,San Cristobal,VE,2021-08-04 14:40:30,7.7669,-72.225,73.58,81,100,5.99
187,Hudiksvall,SE,2021-08-04 14:40:30,61.729,17.1036,69.53,42,27,9.46
188,Loukhi,RU,2021-08-04 14:40:30,66.0764,33.0381,45.64,92,100,16.84
189,Marechal Candido Rondon,BR,2021-08-04 14:37:52,-24.5561,-54.0567,71.42,39,6,7.23
190,Kisangani,CD,2021-08-04 14:40:31,0.5167,25.2,92.95,33,24,1.5
191,General Roca,AR,2021-08-04 14:40:31,-39.0333,-67.5833,46.8,37,0,6.4
192,Karpathos,GR,2021-08-04 14:40:32,35.507,27.2132,87.76,84,0,26.46
193,Kruisfontein,ZA,2021-08-04 14:40:32,-34.0033,24.7314,60.89,81,98,4.94
194,Mackay,AU,2021-08-04 14:40:32,-21.15,149.2,62.04,76,4,9.22
195,Ferrol,ES,2021-08-04 14:40:33,43.4832,-8.2369,78.71,83,26,6.82
196,Avarua,CK,2021-08-04 14:40:33,-21.2078,-159.775,73.45,73,40,9.22
197,Zhuanghe,CN,2021-08-04 14:40:33,39.7008,122.9911,73.81,93,79,3.31
198,Capinota,BO,2021-08-04 14:40:34,-17.7167,-66.2333,62.01,40,97,3.71
199,Mozarlandia,BR,2021-08-04 14:40:34,-14.7447,-50.5706,92.35,20,100,6.78
200,Jeremie,HT,2021-08-04 14:40:34,18.65,-74.1167,85.57,60,20,4.61
201,Komsomolskiy,UZ,2021-08-04 14:40:34,40.4272,71.7189,88.52,23,73,13.8
202,Poum,NC,2021-08-04 14:40:35,-20.2333,164.0167,70.86,71,99,7.83
203,Klaksvik,FO,2021-08-04 14:40:35,62.2266,-6.589,58.12,92,85,12.8
204,Sambava,MG,2021-08-04 14:40:36,-14.2667,50.1667,72.68,72,0,14.67
205,Gayny,RU,2021-08-04 14:40:36,60.3071,54.3241,70.34,87,100,4.76
206,Yulara,AU,2021-08-04 14:40:36,-25.2406,130.9889,46.24,46,0,6.91
207,Kantemirovka,RU,2021-08-04 14:40:36,49.7089,39.8592,81.34,34,6,11.16
208,Lokosovo,RU,2021-08-04 14:40:37,61.1333,74.8167,62.87,79,71,4.29
209,Lavrentiya,RU,2021-08-04 14:40:37,65.5833,-171.0,51.39,80,100,12.86
210,Kavaratti,IN,2021-08-04 14:40:37,10.5669,72.642,82.36,82,100,13.6
211,Deputatskiy,RU,2021-08-04 14:40:38,69.3,139.9,40.28,66,33,4.09
212,Ambilobe,MG,2021-08-04 14:40:38,-13.2,49.05,75.38,64,64,0.94
213,Atasu,KZ,2021-08-04 14:40:38,48.6814,71.6433,76.73,37,18,12.48
214,High Rock,BS,2021-08-04 14:40:39,26.6208,-78.2833,84.22,73,100,13.51
215,Hobyo,SO,2021-08-04 14:40:39,5.3505,48.5268,78.58,80,100,26.71
216,Bataipora,BR,2021-08-04 14:40:39,-22.2953,-53.2711,71.44,30,100,8.21
217,Ossora,RU,2021-08-04 14:40:39,59.2353,163.0719,45.05,86,100,5.91
218,Barcelos,PT,2021-08-04 14:40:07,41.5388,-8.6151,83.28,61,16,11.03
219,Tadine,NC,2021-08-04 14:40:40,-21.55,167.8833,67.23,76,46,6.33
220,Karratha,AU,2021-08-04 14:40:40,-20.7377,116.8463,72.93,37,52,7.38
221,Tual,ID,2021-08-04 14:40:40,-5.6667,132.75,80.82,76,100,19.19
222,Saint George,US,2021-08-04 14:40:41,37.1041,-113.5841,87.35,34,1,4.61
223,Goundam,ML,2021-08-04 14:40:41,16.4145,-3.6708,102.67,25,7,4.54
224,Moindou,NC,2021-08-04 14:40:41,-21.6924,165.677,60.75,80,41,4.45
225,Mantua,IT,2021-08-04 14:40:42,45.1667,10.7833,82.9,77,100,5.01
226,Saint-Philippe,RE,2021-08-04 14:40:42,-21.3585,55.7679,69.39,79,98,17.9
227,El Molino,CO,2021-08-04 14:40:42,10.6523,-72.924,87.91,57,60,1.39
228,Stryn,NO,2021-08-04 14:40:43,61.9045,6.7226,69.24,51,99,4.27
229,Kutum,SD,2021-08-04 14:40:43,14.2,24.6667,87.28,32,100,11.16
230,Caohai,CN,2021-08-04 14:40:43,26.8661,104.2841,60.85,81,1,1.07
231,Ajdabiya,LY,2021-08-04 14:40:44,30.7554,20.2263,92.21,49,4,18.75
232,Grand-Lahou,CI,2021-08-04 14:40:44,5.1367,-5.0242,79.74,79,82,12.28
233,Sao Carlos,BR,2021-08-04 14:36:16,-22.0175,-47.8908,65.23,47,15,9.13
234,Kashin,RU,2021-08-04 14:40:44,57.3592,37.6081,69.1,42,70,7.76
235,Ust-Kuyga,RU,2021-08-04 14:40:44,70.0167,135.6,51.04,49,25,10.74
236,Saint Anthony,US,2021-08-04 14:40:45,45.0205,-93.218,76.78,64,1,1.01
237,Mitsamiouli,KM,2021-08-04 14:40:45,-11.3847,43.2844,76.5,65,9,3.83
238,Luang Prabang,LA,2021-08-04 14:40:45,19.8856,102.1347,74.03,99,79,1.97
239,Starkville,US,2021-08-04 14:36:07,33.4504,-88.8184,75.76,81,1,0.0
240,Varzea Da Palma,BR,2021-08-04 14:40:46,-17.5981,-44.7308,81.25,33,94,6.87
241,Canon City,US,2021-08-04 14:40:46,38.441,-105.2424,69.96,75,1,3.0
242,Cabo San Lucas,MX,2021-08-04 14:37:50,22.8909,-109.9124,85.8,68,72,5.01
243,Kushiro,JP,2021-08-04 14:40:47,42.975,144.3747,68.58,98,71,2.8
244,Port Hedland,AU,2021-08-04 14:40:47,-20.3167,118.5667,75.25,17,90,11.5
245,Sabang,ID,2021-08-04 14:40:47,5.8933,95.3214,83.23,76,95,23.98
246,Nsoko,SZ,2021-08-04 14:40:48,-27.0333,31.95,75.15,37,0,6.51
247,Patiya,BD,2021-08-04 14:40:48,22.2931,91.9762,84.15,89,75,8.05
248,Hay River,CA,2021-08-04 14:40:48,60.8156,-115.7999,53.58,66,20,4.61
249,Yeppoon,AU,2021-08-04 14:40:48,-23.1333,150.7333,49.78,46,1,11.56
250,Galesong,ID,2021-08-04 14:40:49,-5.3166,119.3661,77.02,71,78,10.96
251,Baykit,RU,2021-08-04 14:40:49,61.67,96.37,65.17,69,65,4.34
252,Buin,CL,2021-08-04 14:40:49,-33.7333,-70.75,62.92,29,0,5.68
253,Carnarvon,AU,2021-08-04 14:40:50,-24.8667,113.6333,55.47,38,0,11.5
254,Chuy,UY,2021-08-04 14:40:50,-33.6971,-53.4616,57.88,66,40,3.8
255,Grand Baie,MU,2021-08-04 14:40:50,-20.0182,57.5802,70.27,75,14,8.99
256,Tuatapere,NZ,2021-08-04 14:40:50,-46.1333,167.6833,35.82,83,100,3.24
257,Vila Velha,BR,2021-08-04 14:39:34,-20.3297,-40.2925,76.96,58,20,17.27
258,Sulangan,PH,2021-08-04 14:40:51,11.1373,123.7228,84.54,75,32,12.44
259,Bhadrapur,NP,2021-08-04 14:40:51,26.544,88.0944,84.85,75,94,1.21
260,Majene,ID,2021-08-04 14:40:51,-3.5403,118.9707,77.92,86,99,12.35
261,Margate,GB,2021-08-04 14:40:52,51.3813,1.3862,70.97,60,58,1.99
262,Malangwa,NP,2021-08-04 14:40:52,26.8568,85.5581,84.81,78,100,1.7
263,Marion,US,2021-08-04 14:37:19,39.7684,-86.1555,76.57,61,20,3.44
264,Salem,IN,2021-08-04 14:36:38,11.65,78.1667,81.73,62,93,5.57
265,Dongsheng,CN,2021-08-04 14:40:53,39.8161,109.9776,68.86,40,0,15.93
266,Flinders,AU,2021-08-04 14:40:53,-34.5833,150.8552,55.18,65,4,4.0
267,Mitchell,US,2021-08-04 14:40:53,43.7094,-98.0298,66.18,77,1,10.36
268,Nemuro,JP,2021-08-04 14:40:54,43.3236,145.575,66.99,98,99,6.08
269,Marzuq,YE,2021-08-04 14:40:54,14.4,46.4667,87.35,51,71,11.63
270,Kadhan,PK,2021-08-04 14:40:54,24.481,68.9859,85.62,66,100,22.12
271,Shagonar,RU,2021-08-04 14:40:55,51.5333,92.8,64.42,85,100,3.33
272,Sao Miguel,BR,2021-08-04 14:40:55,-5.4667,-35.3667,83.17,57,63,19.42
273,Samana,DO,2021-08-04 14:40:55,19.2056,-69.3369,84.42,74,20,0.0
274,Petropavlovsk-Kamchatskiy,RU,2021-08-04 14:40:55,53.0452,158.6483,43.39,100,0,8.95
275,Iralaya,HN,2021-08-04 14:40:56,15.0,-83.2333,84.29,81,83,10.74
276,Nova Olinda Do Norte,BR,2021-08-04 14:39:08,-3.8881,-59.0942,91.63,46,70,2.04
277,Manavalakurichi,IN,2021-08-04 14:40:56,8.1333,77.3,80.69,77,76,17.85
278,Talladega,US,2021-08-04 14:40:56,33.4359,-86.1058,79.18,80,1,0.0
279,Vanimo,PG,2021-08-04 14:40:57,-2.6741,141.3028,78.37,84,100,2.06
280,Mugur-Aksy,RU,2021-08-04 14:40:57,50.35,90.5,54.93,78,43,1.9
281,Yaqui,MX,2021-08-04 14:40:57,27.3667,-110.1667,82.8,64,21,6.6
282,Husavik,IS,2021-08-04 14:40:58,66.0449,-17.3389,55.31,72,68,6.73
283,Coos Bay,US,2021-08-04 14:40:58,43.3665,-124.2179,65.01,100,90,0.0
284,Makakilo City,US,2021-08-04 14:40:58,21.3469,-158.0858,77.32,64,1,8.05
285,Muskegon,US,2021-08-04 14:40:59,43.3,-86.1334,76.82,66,1,6.91
286,Zyryanka,RU,2021-08-04 14:40:59,65.75,150.85,39.29,97,100,19.51
287,Tonantins,BR,2021-08-04 14:41:00,-2.8731,-67.8022,87.48,41,9,3.36
288,Kahului,US,2021-08-04 14:41:00,20.8947,-156.47,76.84,79,1,13.8
289,Santa Maria,BR,2021-08-04 14:41:00,-29.6842,-53.8069,54.7,82,90,8.05
290,Sainte-Marie,RE,2021-08-04 14:41:01,-20.8968,55.5496,69.96,73,0,25.32
291,Coquimbo,CL,2021-08-04 14:41:01,-29.9533,-71.3436,58.73,72,20,1.14
292,Varhaug,NO,2021-08-04 14:41:01,58.6147,5.6457,64.85,65,24,9.51
293,Pringsewu,ID,2021-08-04 14:41:02,-5.3582,104.9744,73.99,95,40,2.01
294,Upata,VE,2021-08-04 14:41:02,8.0086,-62.3989,76.44,87,75,2.86
295,Zhigansk,RU,2021-08-04 14:41:02,66.7697,123.3711,62.46,50,16,8.32
296,Tabou,CI,2021-08-04 14:41:03,4.423,-7.3528,79.29,78,91,11.43
297,Fortuna,US,2021-08-04 14:41:03,40.5982,-124.1573,52.66,100,90,0.0
298,Guane,CU,2021-08-04 14:41:03,22.2025,-84.0875,87.6,58,7,6.73
299,Adre,TD,2021-08-04 14:41:04,13.4667,22.2,87.13,46,86,8.23
300,Ntoum,GA,2021-08-04 14:41:04,0.3833,9.7833,82.17,58,97,4.76
301,Kosh-Agach,RU,2021-08-04 14:41:04,50.0,88.6667,54.09,68,91,4.21
302,Chapais,CA,2021-08-04 14:41:05,49.7834,-74.8492,60.58,40,10,4.41
303,Florida Ridge,US,2021-08-04 14:41:05,27.5803,-80.3867,85.98,80,75,5.01
304,Ewa Beach,US,2021-08-04 14:40:31,21.3156,-158.0072,78.75,64,1,17.0
305,Mount Gambier,AU,2021-08-04 14:41:05,-37.8333,140.7667,49.91,100,90,9.22
306,Sao Miguel Do Araguaia,BR,2021-08-04 14:41:06,-13.275,-50.1628,91.69,20,24,6.98
307,North Bend,US,2021-08-04 14:41:06,43.4065,-124.2243,57.92,100,90,0.0
308,Turinsk,RU,2021-08-04 14:41:06,58.0458,63.696,69.93,84,44,9.62
309,Muli,MV,2021-08-04 14:41:07,2.9167,73.5667,82.49,73,100,4.32
310,Novaya Mayna,RU,2021-08-04 14:41:07,54.15,49.75,78.84,52,99,12.75
311,Iqaluit,CA,2021-08-04 14:41:07,63.7506,-68.5145,42.53,93,90,27.0
312,Quarteira,PT,2021-08-04 14:41:08,37.0695,-8.1006,76.77,65,0,11.5
313,Bilibino,RU,2021-08-04 14:41:08,68.0546,166.4372,38.1,92,100,4.63
314,Shingu,JP,2021-08-04 14:41:08,33.7333,135.9833,80.91,90,1,3.47
315,Gornyy,RU,2021-08-04 14:41:09,55.1153,83.9059,58.8,95,97,5.08
316,Comodoro Rivadavia,AR,2021-08-04 14:37:40,-45.8667,-67.5,58.86,25,0,8.05
317,Vardo,NO,2021-08-04 14:41:09,70.3705,31.1107,48.4,93,75,34.52
318,Lenti,HU,2021-08-04 14:41:10,46.624,16.5386,78.24,37,92,2.46
319,Raudeberg,NO,2021-08-04 14:41:10,61.9875,5.1352,65.8,67,98,17.22
320,Les Cayes,HT,2021-08-04 14:41:10,18.2,-73.75,85.66,60,39,11.63
321,Sechura,PE,2021-08-04 14:41:10,-5.5569,-80.8222,69.94,68,3,7.07
322,Esna,EG,2021-08-04 14:41:11,25.2934,32.554,109.71,7,57,12.59
323,Clarksburg,US,2021-08-04 14:41:11,39.2807,-80.3445,78.91,65,1,3.44
324,Santa Isabel Do Rio Negro,BR,2021-08-04 14:41:11,-0.4139,-65.0192,73.15,95,100,0.49
325,Shizunai,JP,2021-08-04 14:41:12,42.3339,142.3669,73.47,93,62,1.81
326,Cravo Norte,CO,2021-08-04 14:41:12,6.3017,-70.2041,74.8,88,100,7.85
327,Ixtapa,MX,2021-08-04 14:41:12,20.7,-105.2,81.23,88,75,3.44
328,Narasannapeta,IN,2021-08-04 14:41:13,18.4167,84.05,82.98,74,100,7.72
329,Victoria,HK,2021-08-04 14:39:05,22.2855,114.1577,82.36,94,100,1.01
330,Umm Lajj,SA,2021-08-04 14:41:13,25.0213,37.2685,94.19,48,85,4.32
331,Asheville,US,2021-08-04 14:36:50,35.6009,-82.554,72.37,81,90,0.0
332,Guerrero Negro,MX,2021-08-04 14:41:13,27.9769,-114.0611,73.62,71,4,5.99
333,Siocon,PH,2021-08-04 14:41:14,7.7061,122.1353,79.9,90,47,5.3
334,Luderitz,NA,2021-08-04 14:41:14,-26.6481,15.1594,59.68,78,3,3.58
335,Galle,LK,2021-08-04 14:41:14,6.0367,80.217,79.68,87,99,13.87
336,Muravlenko,RU,2021-08-04 14:41:15,63.7898,74.523,65.71,72,20,6.15
337,Kloulklubed,PW,2021-08-04 14:41:15,7.0419,134.2556,75.7,74,100,7.58
338,Los Llanos De Aridane,ES,2021-08-04 14:41:15,28.6585,-17.9182,74.95,75,20,14.97
339,Bathsheba,BB,2021-08-04 14:41:16,13.2167,-59.5167,86.61,66,75,14.97
340,Hithadhoo,MV,2021-08-04 14:41:16,-0.6,73.0833,81.99,77,100,8.63
341,Saint-Joseph,RE,2021-08-04 14:41:16,-21.3667,55.6167,68.38,77,60,18.37
342,Mandalgovi,MN,2021-08-04 14:41:16,45.7625,106.2708,57.47,65,85,8.37
343,Obihiro,JP,2021-08-04 14:41:17,42.9172,143.2044,69.94,96,21,1.86
344,Lancaster,US,2021-08-04 14:41:17,40.2504,-76.2499,71.85,81,1,1.01
345,Cherskiy,RU,2021-08-04 14:41:17,68.75,161.3,41.13,89,100,5.57
346,Presidente Medici,BR,2021-08-04 14:41:18,-11.1753,-61.9014,91.81,23,20,8.55
347,Palana,RU,2021-08-04 14:41:18,59.1167,159.9667,40.73,90,100,3.96
348,Vestmannaeyjar,IS,2021-08-04 14:41:18,63.4427,-20.2734,58.19,88,75,9.22
349,Sydney Mines,CA,2021-08-04 14:41:19,46.2367,-60.2177,72.55,74,75,4.0
350,Caconde,BR,2021-08-04 14:41:19,-21.5294,-46.6439,66.06,44,27,8.1
351,Isangel,VU,2021-08-04 14:41:19,-19.55,169.2667,67.73,72,70,3.4
352,Hualmay,PE,2021-08-04 14:41:20,-11.0964,-77.6139,65.43,80,61,5.64
353,Crossville,US,2021-08-04 14:41:20,35.949,-85.0269,74.3,79,1,1.99
354,Mexico,PH,2021-08-04 14:39:09,15.0646,120.7198,84.22,89,99,8.37
355,Talnakh,RU,2021-08-04 14:41:20,69.4865,88.3972,70.48,59,35,1.45
356,Tirur,IN,2021-08-04 14:41:21,10.9,75.9167,76.19,86,100,5.53
357,Kavieng,PG,2021-08-04 14:41:21,-2.5744,150.7967,81.07,75,34,3.47
358,Capao Bonito,BR,2021-08-04 14:41:21,-24.0058,-48.3494,59.9,64,35,9.17
359,Quatre Cocos,MU,2021-08-04 14:41:22,-20.2078,57.7625,69.91,75,62,22.39
360,Wajima,JP,2021-08-04 14:41:22,37.4,136.9,81.45,82,5,2.86
361,Beloretsk,RU,2021-08-04 14:41:22,53.9631,58.3981,77.81,64,41,3.31
362,Whitehorse,CA,2021-08-04 14:41:23,60.7161,-135.0538,56.17,76,75,3.0
363,Nyurba,RU,2021-08-04 14:41:23,63.2842,118.3319,62.56,63,99,2.8
364,Qasigiannguit,GL,2021-08-04 14:41:23,68.8193,-51.1922,50.25,68,3,2.68
365,Salalah,OM,2021-08-04 14:37:21,17.0151,54.0924,80.69,89,90,9.22
366,Batagay-Alyta,RU,2021-08-04 14:41:24,67.8006,130.4114,54.52,40,96,10.92
367,Santarem,BR,2021-08-04 14:40:23,-2.4431,-54.7083,86.13,70,40,5.75
368,Sihora,IN,2021-08-04 14:41:24,23.4833,80.1167,75.43,88,100,8.14
369,Esperance,AU,2021-08-04 14:41:24,-33.8667,121.9,46.24,80,0,3.36
370,Kamaishi,JP,2021-08-04 14:41:25,39.2667,141.8833,76.17,92,97,7.7
371,Jinchang,CN,2021-08-04 14:41:25,38.4953,102.1739,78.93,18,98,4.29
372,Tigil,RU,2021-08-04 14:41:25,57.8,158.6667,44.1,86,100,1.19
373,Valparaiso,CL,2021-08-04 14:41:26,-33.0393,-71.6273,51.48,90,90,4.61
374,Lodja,CD,2021-08-04 14:41:26,-3.4833,23.4333,100.0,16,42,1.61
375,Northampton,US,2021-08-04 14:41:26,40.8754,-75.2499,71.76,79,100,4.27
376,Taitung,TW,2021-08-04 14:41:27,22.7583,121.1444,78.51,92,100,3.96
377,Tiksi,RU,2021-08-04 14:41:27,71.6872,128.8694,40.5,88,2,8.39
378,Prince Rupert,CA,2021-08-04 14:41:27,54.3161,-130.3201,62.69,94,90,12.66
379,Meulaboh,ID,2021-08-04 14:41:28,4.1363,96.1285,78.24,85,85,4.79
380,Doha,QA,2021-08-04 14:40:20,25.2867,51.5333,111.51,43,0,9.22
381,Fairbanks,US,2021-08-04 14:40:33,64.8378,-147.7164,61.61,69,1,5.75
382,Tromso,NO,2021-08-04 14:41:28,69.6496,18.957,56.05,76,75,10.36
383,Czersk,PL,2021-08-04 14:41:28,53.7959,17.9765,70.56,70,97,2.37
384,Caravelas,BR,2021-08-04 14:41:29,-17.7125,-39.2481,73.98,72,98,10.87
385,Hasaki,JP,2021-08-04 14:39:13,35.7333,140.8333,77.29,89,0,3.83
386,Port Moresby,PG,2021-08-04 14:41:29,-9.4431,147.1797,75.38,89,99,10.98
387,Pacific Grove,US,2021-08-04 14:37:48,36.6177,-121.9166,61.29,93,90,3.0
388,Ust-Maya,RU,2021-08-04 14:41:30,60.4167,134.5333,58.17,68,72,1.68
389,Grindavik,IS,2021-08-04 14:41:30,63.8424,-22.4338,58.55,88,75,5.75
390,Clyde River,CA,2021-08-04 14:41:30,70.4692,-68.5914,35.83,93,90,5.75
391,Snasa,NO,2021-08-04 14:41:31,64.2457,12.3778,60.21,51,99,6.71
392,Asyut,EG,2021-08-04 14:41:31,27.181,31.1837,108.12,8,3,10.25
393,Bonavista,CA,2021-08-04 14:41:31,48.6499,-53.1147,71.6,70,100,18.21
394,Nouadhibou,MR,2021-08-04 14:41:31,20.931,-17.0347,82.38,57,1,12.66
395,Masunga,BW,2021-08-04 14:41:32,-20.6246,27.4488,70.88,23,0,10.47
396,Gimli,CA,2021-08-04 14:41:32,50.6336,-96.9907,79.05,64,100,3.44
397,Okhotsk,RU,2021-08-04 14:41:32,59.3833,143.3,53.85,88,8,5.44
398,Lorengau,PG,2021-08-04 14:41:33,-2.0226,147.2712,80.15,80,67,0.87
399,Pinawa,CA,2021-08-04 14:41:33,50.1489,-95.8811,79.07,30,100,8.46
400,Olafsvik,IS,2021-08-04 14:41:33,64.8945,-23.7142,53.67,90,98,7.02
401,Boden,SE,2021-08-04 14:41:34,65.8252,21.6886,66.2,39,100,5.32
402,Masallatah,LY,2021-08-04 14:41:34,32.6167,14.0,97.99,30,0,16.51
403,Adrar,MR,2021-08-04 14:41:34,20.5022,-10.0711,107.17,11,11,13.38
404,Hamilton,US,2021-08-04 14:41:35,39.1834,-84.5333,77.99,59,20,1.99
405,Abu Samrah,SY,2021-08-04 14:41:35,35.3029,37.1841,104.2,13,12,17.76
406,Corrente,BR,2021-08-04 14:41:35,-3.7367,-43.3394,92.34,38,56,3.4
407,Loreto,MX,2021-08-04 14:41:36,22.2667,-101.9667,65.97,64,42,3.33
408,Laguna,US,2021-08-04 14:41:36,38.421,-121.4238,81.1,76,1,1.99
409,Harper,LR,2021-08-04 14:41:36,4.375,-7.7169,79.3,78,95,11.01
410,Muroto,JP,2021-08-04 14:41:37,33.2833,134.15,80.71,83,1,1.43
411,Rio Verde De Mato Grosso,BR,2021-08-04 14:41:37,-18.9181,-54.8442,80.64,21,100,9.89
412,Ancud,CL,2021-08-04 14:41:37,-41.8697,-73.8203,47.43,73,100,6.06
413,Payo,ID,2021-08-04 14:41:38,-3.7508,103.6372,76.95,81,96,2.19
414,Beringovskiy,RU,2021-08-04 14:41:38,63.05,179.3167,46.98,99,100,14.65
415,Santiago Del Estero,AR,2021-08-04 14:41:27,-27.7951,-64.2615,62.8,25,2,6.53
416,Balkanabat,TM,2021-08-04 14:41:38,39.5108,54.3671,98.35,18,75,8.88
417,Pangai,TO,2021-08-04 14:41:39,-19.8,-174.35,71.38,70,54,14.54
418,Jardim,BR,2021-08-04 14:41:39,-21.4803,-56.1381,79.32,23,57,6.38
419,Dingle,PH,2021-08-04 14:41:40,10.9995,122.6711,78.89,88,77,8.95
420,Westport,US,2021-08-04 14:41:40,41.1415,-73.3579,74.91,76,1,1.01
421,Warrensburg,US,2021-08-04 14:41:40,38.7628,-93.7361,75.31,75,1,0.0
422,Manokwari,ID,2021-08-04 14:38:08,-0.8667,134.0833,78.12,80,100,3.18
423,Taltal,CL,2021-08-04 14:41:41,-25.4,-70.4833,63.55,64,5,5.86
424,Linqiong,CN,2021-08-04 14:39:11,30.4159,103.4609,87.62,96,96,8.59
425,Tashtagol,RU,2021-08-04 14:41:41,52.7657,87.8894,60.1,94,72,3.91
426,Biltine,TD,2021-08-04 14:41:41,14.5333,20.9167,92.1,41,61,7.94
427,Ahipara,NZ,2021-08-04 14:41:42,-35.1667,173.1667,57.6,92,100,14.43
428,Bentiu,SS,2021-08-04 14:41:42,9.2333,29.8333,87.49,64,27,2.57
429,Albion,US,2021-08-04 14:41:42,42.2431,-84.753,75.79,56,1,0.0
430,Blythe,US,2021-08-04 14:41:43,33.6103,-114.5964,102.69,15,0,3.47
431,Gladstone,AU,2021-08-04 14:41:43,-23.85,151.25,54.79,47,2,3.44
432,Geraldton,AU,2021-08-04 14:41:43,-28.7667,114.6,45.01,87,0,8.05
433,Pochutla,MX,2021-08-04 14:41:44,15.7432,-96.4661,75.81,88,100,2.84
434,Necochea,AR,2021-08-04 14:41:44,-38.5473,-58.7368,61.03,53,0,8.99
435,Linxia,CN,2021-08-04 14:41:44,35.6003,103.2064,59.81,59,76,4.94
436,Evensk,RU,2021-08-04 14:41:45,61.95,159.2333,44.1,70,95,9.01
437,Beloha,MG,2021-08-04 14:41:45,-25.1667,45.05,66.72,72,0,15.28
438,Safford,US,2021-08-04 14:41:45,32.834,-109.7076,86.11,44,1,8.05
439,Delta Del Tigre,UY,2021-08-04 14:41:46,-34.7633,-56.3853,45.01,100,90,9.22
440,Swan Hill,AU,2021-08-04 14:41:46,-35.3378,143.5544,44.74,96,11,9.06
441,Christchurch,NZ,2021-08-04 14:40:35,-43.5333,172.6333,46.99,80,100,5.99
442,Santa Catarina De Tepehuanes,MX,2021-08-04 14:41:46,25.35,-105.7333,66.43,75,95,2.28
443,Cedar City,US,2021-08-04 14:41:47,37.6775,-113.0619,72.39,63,1,0.0
444,Morgan City,US,2021-08-04 14:41:47,29.6994,-91.2068,82.99,94,75,6.91
445,Uhlove,UA,2021-08-04 14:41:47,44.8215,33.6045,82.56,61,16,5.91
446,Kilindoni,TZ,2021-08-04 14:41:48,-7.9139,39.6668,76.05,70,0,14.74
447,Dudinka,RU,2021-08-04 14:41:48,69.4058,86.1778,69.17,61,28,3.49
448,Villa Carlos Paz,AR,2021-08-04 14:41:48,-31.4241,-64.4978,70.25,27,5,6.02
449,Wachtersbach,DE,2021-08-04 14:41:49,50.2551,9.2956,73.87,66,97,3.02
450,Sao Filipe,CV,2021-08-04 14:41:49,14.8961,-24.4956,78.98,85,88,12.68
451,Yerbogachen,RU,2021-08-04 14:41:49,61.2767,108.0108,63.16,69,94,5.19
452,Methoni,GR,2021-08-04 14:41:50,36.8197,21.7049,100.26,53,1,16.62
453,Aasiaat,GL,2021-08-04 14:41:50,68.7098,-52.8699,36.16,94,87,1.12
454,Makaha,US,2021-08-04 14:41:50,21.4694,-158.2175,78.71,73,2,14.41
455,Bandrele,YT,2021-08-04 14:41:51,-12.9067,45.1914,78.55,73,0,3.44
456,Oudtshoorn,ZA,2021-08-04 14:41:51,-33.5907,22.2014,55.76,57,100,6.08
457,Davila,PH,2021-08-04 14:41:51,18.4726,120.5763,81.86,88,100,29.26
458,Gat,IL,2021-08-04 14:38:02,31.61,34.7642,99.39,28,0,13.49
459,Lahij,YE,2021-08-04 14:41:52,13.1667,44.5833,96.28,40,23,9.64
460,Tiznit,MA,2021-08-04 14:41:52,29.5833,-9.5,82.15,43,0,10.47
461,Belaya Gora,RU,2021-08-04 14:41:52,68.5333,146.4167,44.02,54,70,10.76
462,Manaure,CO,2021-08-04 14:41:53,11.7751,-72.4445,86.49,62,68,4.59
463,Maasim,PH,2021-08-04 14:41:53,5.8575,125.0061,80.98,78,57,4.76
464,Wexford,IE,2021-08-04 14:40:49,52.3342,-6.4575,69.67,76,55,15.68
465,Kutoarjo,ID,2021-08-04 14:41:54,-7.7169,109.9128,73.89,94,45,5.99
466,Pisco,PE,2021-08-04 14:41:54,-13.7,-76.2167,63.01,82,90,4.61
467,Antropovo,RU,2021-08-04 14:41:54,58.3988,43.0066,69.39,43,11,7.72
468,Maumere,ID,2021-08-04 14:41:55,-8.6199,122.2111,77.2,78,74,2.86
469,Black River,JM,2021-08-04 14:41:55,18.0264,-77.8487,86.0,56,33,7.61
470,Novikovo,RU,2021-08-04 14:41:56,51.1537,37.8879,77.05,37,67,6.58
471,Pipri,IN,2021-08-04 14:41:56,19.8,75.5333,79.38,73,75,6.91
472,Pangnirtung,CA,2021-08-04 14:41:56,66.1451,-65.7125,55.4,67,90,16.11
473,Dunedin,NZ,2021-08-04 14:38:22,-45.8742,170.5036,44.8,68,100,18.99
474,Wajir,KE,2021-08-04 14:41:57,1.7471,40.0573,90.03,31,84,17.02
475,Praya,CV,2021-08-04 14:41:57,14.9215,-23.5087,84.74,79,75,6.91
476,Espanola,US,2021-08-04 14:41:57,35.9911,-106.0806,73.0,54,4,4.12
477,Auki,SB,2021-08-04 14:41:58,-8.7676,160.7034,74.48,87,4,4.5
478,Tommot,RU,2021-08-04 14:41:58,58.9564,126.2925,60.84,91,100,3.8
479,Uvat,RU,2021-08-04 14:41:58,59.1433,68.8953,67.21,68,36,2.06
480,Le Port,RE,2021-08-04 14:41:58,-20.9373,55.2919,69.8,76,53,4.52
481,Byron Bay,AU,2021-08-04 14:38:50,-28.65,153.6167,53.87,58,0,12.35
482,Campbell River,CA,2021-08-04 14:41:59,50.0163,-125.2446,66.6,89,40,2.3
483,Pemangkat,ID,2021-08-04 14:41:59,1.1667,108.9667,81.79,80,100,6.89
484,Biak,ID,2021-08-04 14:41:59,-0.9131,122.8766,75.72,78,96,5.06
485,Nizhniy Tsasuchey,RU,2021-08-04 14:42:00,50.5167,115.1333,61.5,82,100,5.64
486,Jiayuguan,CN,2021-08-04 14:38:28,39.8167,98.3,75.83,13,1,7.92
487,Koson,UZ,2021-08-04 14:42:00,39.0375,65.585,98.92,15,6,9.53
488,Mareeba,AU,2021-08-04 14:42:00,-17.0,145.4333,63.32,90,15,2.51
489,Dunmore East,IE,2021-08-04 14:42:01,52.1514,-6.9861,69.78,73,20,14.97
490,Chernyshevskiy,RU,2021-08-04 14:42:01,63.0128,112.4714,62.22,52,99,4.63
491,Ahuimanu,US,2021-08-04 14:42:02,21.4447,-157.8378,78.51,69,40,10.36
492,Neryungri,RU,2021-08-04 14:42:02,56.6709,124.6491,58.19,94,100,1.23
493,Laguna De Perlas,NI,2021-08-04 14:42:02,12.3429,-83.6712,78.89,87,100,5.59
494,Aklavik,CA,2021-08-04 14:42:03,68.2191,-135.0107,51.8,82,20,5.75
495,Kununurra,AU,2021-08-04 14:42:03,-15.7667,128.7333,78.78,22,15,12.66
496,Bastia,FR,2021-08-04 14:42:03,42.6667,9.3333,80.4,75,0,6.91
497,Mercedes,AR,2021-08-04 14:42:03,-34.6515,-59.4307,58.51,51,45,6.67
498,Shenjiamen,CN,2021-08-04 14:42:04,29.9576,122.298,79.99,91,96,13.96
499,Surin,TH,2021-08-04 14:42:04,14.8818,103.4936,80.26,80,100,11.03
500,Mahebourg,MU,2021-08-04 14:42:04,-20.4081,57.7,70.09,73,75,17.27
501,Hendersonville,US,2021-08-04 14:41:41,36.3048,-86.62,79.77,62,0,1.99
502,Dafeng,CN,2021-08-04 14:42:05,23.4517,108.5881,85.51,68,76,1.5
503,Correntina,BR,2021-08-04 14:42:05,-13.3433,-44.6367,83.8,31,44,10.02
504,Altea,ES,2021-08-04 14:42:05,38.5989,-0.0514,96.67,60,4,12.01
505,Maceio,BR,2021-08-04 14:40:16,-9.6658,-35.7353,76.44,83,75,11.5
506,Bhadasar,IN,2021-08-04 14:42:06,28.2833,74.3167,96.06,43,36,9.71
507,Praia,CV,2021-08-04 14:42:06,14.9215,-23.5087,84.74,79,75,6.91
508,Mindelo,CV,2021-08-04 14:42:07,16.8901,-24.9804,83.75,65,75,17.27
509,Quthing,LS,2021-08-04 14:42:07,-30.4,27.7003,61.32,29,1,1.3
510,Oranjestad,AW,2021-08-04 14:38:07,12.524,-70.027,87.75,66,20,25.32
511,Nanning,CN,2021-08-04 14:42:07,22.8167,108.3167,84.65,65,79,1.77
512,Zalantun,CN,2021-08-04 14:42:08,48.0,122.7167,64.31,99,99,3.4
513,Hami,CN,2021-08-04 14:39:09,42.8,93.45,89.64,11,9,2.77
514,Foggia,IT,2021-08-04 14:42:08,41.45,15.5333,95.85,42,0,13.8
515,Paducah,US,2021-08-04 14:38:43,37.0834,-88.6001,76.19,66,1,5.75
516,Kachiry,KZ,2021-08-04 14:42:09,53.0675,76.1036,67.39,58,80,7.43
517,Yarada,IN,2021-08-04 14:42:09,17.65,83.2667,89.92,70,75,4.61
518,Nampula,MZ,2021-08-04 14:42:09,-15.1165,39.2666,75.15,53,75,8.05
519,Taungdwingyi,MM,2021-08-04 14:42:09,20.0167,95.55,74.34,91,99,10.58
520,Goderich,CA,2021-08-04 14:42:10,43.7501,-81.7165,75.04,78,4,5.75
521,Vaitape,PF,2021-08-04 14:42:10,-16.5167,-151.75,79.0,75,56,11.61
522,Gobabis,NA,2021-08-04 14:42:10,-22.45,18.9667,77.32,14,0,9.31
523,Mangan,IN,2021-08-04 14:42:11,27.5167,88.5333,77.34,86,100,2.89
524,San Ignacio,BZ,2021-08-04 14:42:11,17.1561,-89.0714,80.74,74,0,4.61
525,Ixtacomitan,MX,2021-08-04 14:42:11,17.4167,-93.1,79.75,80,100,2.68
526,Port Macquarie,AU,2021-08-04 14:42:12,-31.4333,152.9167,51.76,58,0,11.92
527,Rexburg,US,2021-08-04 14:42:12,43.826,-111.7897,66.81,88,1,0.0
528,Sabzevar,IR,2021-08-04 14:42:12,36.2126,57.6819,96.08,19,40,16.11
529,Ducheng,CN,2021-08-04 14:42:13,23.2373,111.5317,82.08,84,100,6.49
530,Andros Town,BS,2021-08-04 14:42:13,24.7,-77.7667,87.76,65,99,14.16
531,Sakaiminato,JP,2021-08-04 14:39:15,35.55,133.2333,80.58,83,20,3.44
532,Olinda,BR,2021-08-04 14:42:13,-8.0089,-34.8553,73.13,94,75,10.36
533,Inyonga,TZ,2021-08-04 14:42:14,-6.7167,32.0667,83.26,28,86,2.48
534,Grand Gaube,MU,2021-08-04 14:42:14,-20.0064,57.6608,70.2,75,18,8.99
535,Tarboro,US,2021-08-04 14:42:14,35.8968,-77.5358,71.92,94,90,8.05
536,Wiarton,CA,2021-08-04 14:42:15,44.7407,-81.1332,76.39,83,1,3.44
537,Contamana,PE,2021-08-04 14:42:15,-7.3333,-75.0167,83.73,37,6,3.74
538,Ballitoville,ZA,2021-08-04 14:42:15,-29.539,31.2144,73.54,60,0,5.75
539,Roald,NO,2021-08-04 14:42:16,62.5833,6.1333,64.9,59,20,8.05
540,Istok,XK,2021-08-04 14:42:16,42.7808,20.4875,96.15,25,92,10.36
541,Tezu,IN,2021-08-04 14:42:16,27.9167,96.1667,81.36,84,13,4.14
542,Vredendal,ZA,2021-08-04 14:42:17,-31.6683,18.5012,64.45,48,29,10.8
543,Kudahuvadhoo,MV,2021-08-04 14:42:17,2.6708,72.8944,82.45,71,100,2.3
544,Bundaberg,AU,2021-08-04 14:42:17,-24.85,152.35,53.22,66,0,4.0
545,Enid,US,2021-08-04 14:42:18,36.3956,-97.8784,75.15,76,1,5.01
546,Bridlington,GB,2021-08-04 14:39:13,54.0831,-0.1919,73.58,74,24,18.54
547,Port-Cartier,CA,2021-08-04 14:42:18,50.0334,-66.8654,62.82,56,6,7.63
548,Soderhamn,SE,2021-08-04 14:42:19,61.3037,17.0592,70.74,42,68,8.97
549,Coracora,PE,2021-08-04 14:42:19,-15.0333,-73.7833,58.44,35,4,3.8
550,Tomatlan,MX,2021-08-04 14:42:19,19.9333,-105.25,80.87,82,57,2.51
551,Phalodi,IN,2021-08-04 14:42:20,27.1333,72.3667,97.92,38,66,14.07
552,Abu Kamal,SY,2021-08-04 14:42:20,34.4506,40.9171,109.49,9,25,13.4
553,George,ZA,2021-08-04 14:39:57,-33.963,22.4617,56.75,82,20,6.91
554,Pahrump,US,2021-08-04 14:37:30,36.2083,-115.9839,95.18,16,0,1.72
555,Teya,RU,2021-08-04 14:42:20,60.3778,92.6267,64.54,72,81,2.84
556,Vammala,FI,2021-08-04 14:42:21,61.3333,22.9,67.41,42,81,8.63
557,Arak,IR,2021-08-04 14:42:21,34.0917,49.6892,83.64,19,76,10.87
558,Lucea,JM,2021-08-04 14:42:21,18.451,-78.1736,85.86,64,79,3.87
559,Pitimbu,BR,2021-08-04 14:42:22,-7.4706,-34.8086,75.79,75,82,12.57
560,Kyshtovka,RU,2021-08-04 14:42:22,56.555,76.6271,60.33,91,24,5.64
561,Aykhal,RU,2021-08-04 14:42:23,66.0,111.5,61.18,45,4,9.44
562,Lasa,IT,2021-08-04 14:42:23,46.6166,10.7002,61.54,99,100,2.55
563,Alyangula,AU,2021-08-04 14:42:23,-13.8483,136.4192,71.47,60,11,4.61
564,Oksfjord,NO,2021-08-04 14:42:23,70.2396,22.3479,54.0,75,90,10.22
